{
  "n_images": 14,
  "n_cameras": 2,
  "n_points_raw": 20,
  "n_points_filtered": 20,
  "image_resolution": "4284x5712",
  "focal_length": 3710.052829812536,
  "processing_time_seconds": 175.36303091049194
}